era,trigger,eta_r9_bin,pt_lo,pt_hi,eff_cms,err_hi_cms,err_lo_cms,status_pass_cms,status_fail_cms,eff_exp,err_hi_exp,err_lo_exp,status_pass_exp,status_fail_exp,bkg_syst,total_unc_hi,total_unc_lo
postBpix,seed,EB_R9_0p50to0p55,0.0,35.0,0.7994,0.0072,0.0142,0,4,0.798,0.0031,0.0028,4,0,0.0014,0.007359,0.014306
postBpix,seed,EB_R9_0p50to0p55,35.0,37.0,0.9455,0.0021,0.0021,0,0,0.9455,0.0022,0.0022,0,0,0.0,0.00213,0.00213
postBpix,seed,EB_R9_0p50to0p55,37.0,40.0,0.9494,0.0016,0.0016,0,0,0.9494,0.0015,0.0015,0,0,0.0,0.00156,0.00156
postBpix,seed,EB_R9_0p50to0p55,40.0,45.0,0.9544,0.001,0.001,0,0,0.9544,0.0011,0.0012,4,0,0.0,0.001,0.001
postBpix,seed,EB_R9_0p50to0p55,45.0,50.0,0.9598,0.0024,0.0024,4,0,0.9592,0.0013,0.0014,0,0,0.0006,0.002513,0.002513
postBpix,seed,EB_R9_0p50to0p55,50.0,60.0,0.9625,0.0037,0.0032,4,0,0.962,0.0027,0.0021,0,0,0.0005,0.003714,0.003209
postBpix,seed,EB_R9_0p50to0p55,60.0,70.0,0.9654,0.0105,0.008,0,0,0.9692,0.0045,0.005,0,0,0.0039,0.011155,0.008896
postBpix,seed,EB_R9_0p50to0p55,70.0,90.0,0.9799,0.0094,0.008,0,0,0.9774,0.0086,0.01,0,0,0.0025,0.009688,0.008382
postBpix,seed,EB_R9_0p50to0p55,90.0,999999.0,0.9928,0.002,0.0048,0,0,0.9936,0.0042,0.0042,4,0,0.0008,0.002139,0.004858
postBpix,seed,EB_R9_0p55to0p85,0.0,35.0,0.813,0.0028,0.0029,4,4,0.8415,0.001,0.001,0,4,0.0285,0.028618,0.028624
postBpix,seed,EB_R9_0p55to0p85,35.0,37.0,0.9546,0.0014,0.001,0,0,0.9546,0.001,0.001,4,0,0.0,0.00142,0.001
postBpix,seed,EB_R9_0p55to0p85,37.0,40.0,0.9619,0.001,0.001,0,0,0.9619,0.001,0.001,0,0,0.0,0.001,0.001
postBpix,seed,EB_R9_0p55to0p85,40.0,45.0,0.967,0.001,0.001,0,4,0.967,0.001,0.001,0,0,0.0,0.001,0.001
postBpix,seed,EB_R9_0p55to0p85,45.0,50.0,0.969,0.001,0.001,4,0,0.9689,0.001,0.001,0,0,0.0001,0.001007,0.001007
postBpix,seed,EB_R9_0p55to0p85,50.0,60.0,0.9715,0.001,0.0026,0,0,0.9716,0.001,0.001,0,0,0.0001,0.001007,0.002573
postBpix,seed,EB_R9_0p55to0p85,60.0,70.0,0.9768,0.0024,0.0016,4,0,0.9769,0.0014,0.0014,0,0,0.0001,0.002423,0.001575
postBpix,seed,EB_R9_0p55to0p85,70.0,90.0,0.9841,0.0019,0.002,4,0,0.9815,0.001,0.0014,0,4,0.0026,0.003282,0.003306
postBpix,seed,EB_R9_0p55to0p85,90.0,999999.0,0.9918,0.0014,0.0015,4,0,0.9912,0.0015,0.0015,4,0,0.0006,0.001556,0.001612
postBpix,seed,EB_R9gt0p85,0.0,35.0,0.8664,0.001,0.001,0,0,0.8611,0.001,0.001,0,0,0.0054,0.005452,0.005452
postBpix,seed,EB_R9gt0p85,35.0,37.0,0.934,0.001,0.001,4,0,0.934,0.001,0.001,4,4,0.0,0.001,0.001
postBpix,seed,EB_R9gt0p85,37.0,40.0,0.9418,0.001,0.001,4,0,0.9418,0.001,0.001,0,0,0.0,0.001,0.001
postBpix,seed,EB_R9gt0p85,40.0,45.0,0.9502,0.001,0.001,0,0,0.9502,0.001,0.001,0,0,0.0,0.001,0.001
postBpix,seed,EB_R9gt0p85,45.0,50.0,0.9565,0.001,0.001,0,0,0.9565,0.001,0.001,4,0,0.0,0.001,0.001
postBpix,seed,EB_R9gt0p85,50.0,60.0,0.964,0.001,0.001,4,0,0.9654,0.001,0.001,0,0,0.0014,0.001704,0.001704
postBpix,seed,EB_R9gt0p85,60.0,70.0,0.9731,0.001,0.001,4,0,0.9739,0.001,0.001,0,0,0.0008,0.001256,0.001256
postBpix,seed,EB_R9gt0p85,70.0,90.0,0.9839,0.001,0.001,0,4,0.9833,0.001,0.001,4,4,0.0006,0.001141,0.001141
postBpix,seed,EB_R9gt0p85,90.0,999999.0,0.9937,0.001,0.001,4,0,0.9938,0.001,0.001,0,0,0.0002,0.001013,0.001013
postBpix,seed,EE_R9_0p90to0p93,0.0,35.0,0.8418,0.0093,0.0058,4,4,0.838,0.0031,0.0031,0,0,0.0037,0.009987,0.006876
postBpix,seed,EE_R9_0p90to0p93,35.0,37.0,0.9594,0.0088,0.0037,0,4,0.9595,0.0022,0.0023,0,0,0.0,0.00879,0.00367
postBpix,seed,EE_R9_0p90to0p93,37.0,40.0,0.9718,0.0027,0.002,4,4,0.9718,0.001,0.001,4,0,0.0,0.00267,0.00204
postBpix,seed,EE_R9_0p90to0p93,40.0,45.0,0.9786,0.001,0.001,4,0,0.9786,0.001,0.001,0,0,0.0,0.001,0.001
postBpix,seed,EE_R9_0p90to0p93,45.0,50.0,0.9834,0.001,0.0012,0,0,0.9833,0.001,0.001,0,0,0.0001,0.001003,0.001243
postBpix,seed,EE_R9_0p90to0p93,50.0,60.0,0.9851,0.0025,0.0036,0,0,0.9846,0.0015,0.0016,4,0,0.0006,0.002552,0.003624
postBpix,seed,EE_R9_0p90to0p93,60.0,70.0,0.9868,0.0071,0.0072,0,0,0.9865,0.0039,0.0039,0,0,0.0003,0.007126,0.007156
postBpix,seed,EE_R9_0p90to0p93,70.0,90.0,0.9907,0.0036,0.0036,0,0,0.9909,0.0039,0.0039,0,0,0.0003,0.003579,0.003579
postBpix,seed,EE_R9_0p90to0p93,90.0,999999.0,0.999,0.001,0.001,0,0,0.999,0.001,0.001,0,0,0.0,0.00098,0.001
postBpix,seed,EE_R9gt0p93,0.0,35.0,0.8927,0.0022,0.0021,0,0,0.881,0.001,0.001,0,4,0.0117,0.01186,0.011855
postBpix,seed,EE_R9gt0p93,35.0,37.0,0.9706,0.001,0.0016,0,0,0.969,0.001,0.001,4,0,0.0015,0.001819,0.0022
postBpix,seed,EE_R9gt0p93,37.0,40.0,0.9749,0.001,0.001,0,0,0.9744,0.001,0.001,4,0,0.0005,0.001097,0.001097
postBpix,seed,EE_R9gt0p93,40.0,45.0,0.9773,0.001,0.001,4,4,0.9771,0.001,0.001,4,4,0.0002,0.001013,0.001013
postBpix,seed,EE_R9gt0p93,45.0,50.0,0.9788,0.001,0.001,0,0,0.9789,0.001,0.001,4,0,0.0001,0.001003,0.001003
postBpix,seed,EE_R9gt0p93,50.0,60.0,0.9771,0.001,0.001,0,4,0.9786,0.001,0.001,4,0,0.0015,0.00177,0.00177
postBpix,seed,EE_R9gt0p93,60.0,70.0,0.9827,0.002,0.0022,0,4,0.9835,0.001,0.001,0,0,0.0009,0.002171,0.00241
postBpix,seed,EE_R9gt0p93,70.0,90.0,0.9879,0.0013,0.0012,4,0,0.9876,0.0013,0.0029,0,0,0.0003,0.001346,0.00123
postBpix,seed,EE_R9gt0p93,90.0,999999.0,0.9928,0.0014,0.001,0,0,0.9924,0.001,0.001,0,4,0.0004,0.001459,0.001099
postBpix,unseed,EB_R9_0p50to0p55,0.0,21.0,0.9858,0.0052,0.0052,4,0,0.9861,0.0051,0.0051,4,0,0.0002,0.005245,0.005176
postBpix,unseed,EB_R9_0p50to0p55,21.0,25.0,0.996,0.0024,0.0018,4,0,0.9962,0.0014,0.0011,0,0,0.0002,0.002451,0.001785
postBpix,unseed,EB_R9_0p50to0p55,25.0,28.0,0.9988,0.001,0.001,4,0,0.9973,0.0014,0.0014,4,0,0.0014,0.00123,0.001737
postBpix,unseed,EB_R9_0p50to0p55,28.0,31.0,0.9987,0.0011,0.001,4,4,0.9993,0.0007,0.0014,4,0,0.0006,0.001312,0.001193
postBpix,unseed,EB_R9_0p50to0p55,31.0,35.0,0.9994,0.0006,0.001,4,0,0.9994,0.0006,0.001,0,0,0.0001,0.00056,0.001002
postBpix,unseed,EB_R9_0p50to0p55,35.0,40.0,0.9996,0.0004,0.001,0,0,0.9997,0.0003,0.001,0,0,0.0001,0.00041,0.001002
postBpix,unseed,EB_R9_0p50to0p55,40.0,45.0,0.9996,0.0004,0.001,4,0,0.9995,0.0005,0.001,4,0,0.0001,0.00042,0.001003
postBpix,unseed,EB_R9_0p50to0p55,45.0,50.0,0.9997,0.0003,0.001,0,0,0.9997,0.0003,0.001,0,0,0.0,0.00027,0.001
postBpix,unseed,EB_R9_0p50to0p55,50.0,60.0,0.9998,0.0002,0.001,0,0,0.9998,0.0002,0.001,0,0,0.0,0.00024,0.001
postBpix,unseed,EB_R9_0p50to0p55,60.0,70.0,0.9994,0.0006,0.001,0,0,0.9995,0.0005,0.001,0,0,0.0001,0.00059,0.001002
postBpix,unseed,EB_R9_0p50to0p55,70.0,90.0,0.9988,0.0012,0.0022,0,0,0.9986,0.0014,0.0032,0,0,0.0002,0.00117,0.00222
postBpix,unseed,EB_R9_0p50to0p55,90.0,999999.0,0.9961,0.001,0.001,4,0,0.9956,0.001,0.001,0,0,0.0006,0.001156,0.001156
postBpix,unseed,EB_R9_0p55to0p85,0.0,21.0,0.9891,0.004,0.0026,4,0,0.9899,0.0038,0.0024,4,0,0.0008,0.004056,0.002686
postBpix,unseed,EB_R9_0p55to0p85,21.0,25.0,0.9966,0.001,0.001,4,4,0.999,0.001,0.0019,4,0,0.0024,0.002572,0.002572
postBpix,unseed,EB_R9_0p55to0p85,25.0,28.0,0.9986,0.001,0.0011,0,0,0.9991,0.0009,0.001,4,0,0.0005,0.001136,0.001234
postBpix,unseed,EB_R9_0p55to0p85,28.0,31.0,0.9994,0.0006,0.001,4,0,0.9994,0.0006,0.001,0,0,0.0,0.00059,0.001
postBpix,unseed,EB_R9_0p55to0p85,31.0,35.0,0.9995,0.0005,0.001,0,0,0.9993,0.0007,0.001,0,0,0.0002,0.00047,0.001018
postBpix,unseed,EB_R9_0p55to0p85,35.0,40.0,0.9998,0.0002,0.001,4,0,0.9998,0.0002,0.001,0,0,0.0,0.00025,0.001
postBpix,unseed,EB_R9_0p55to0p85,40.0,45.0,0.9999,0.0001,0.001,0,0,0.9999,0.0001,0.001,0,0,0.0,0.00014,0.001
postBpix,unseed,EB_R9_0p55to0p85,45.0,50.0,0.9999,0.0001,0.001,4,4,0.9999,0.0001,0.001,0,0,0.0,0.00011,0.001
postBpix,unseed,EB_R9_0p55to0p85,50.0,60.0,0.9998,0.0002,0.001,0,0,0.9998,0.0002,0.001,0,4,0.0,0.00018,0.001
postBpix,unseed,EB_R9_0p55to0p85,60.0,70.0,0.9998,0.0002,0.001,4,0,0.9999,0.0001,0.001,4,0,0.0001,0.00023,0.001011
postBpix,unseed,EB_R9_0p55to0p85,70.0,90.0,1.0,0.0,0.001,4,0,0.9996,0.0004,0.001,0,0,0.0004,5e-05,0.001077
postBpix,unseed,EB_R9_0p55to0p85,90.0,999999.0,0.9991,0.0009,0.001,4,0,0.9991,0.0009,0.001,0,0,0.0,0.00091,0.001
postBpix,unseed,EB_R9gt0p85,0.0,21.0,0.9898,0.0018,0.0018,0,0,0.9898,0.001,0.001,4,0,0.0,0.00176,0.00176
postBpix,unseed,EB_R9gt0p85,21.0,25.0,0.9965,0.001,0.001,0,0,0.9985,0.001,0.001,4,4,0.002,0.002263,0.002263
postBpix,unseed,EB_R9gt0p85,25.0,28.0,0.9986,0.001,0.001,4,4,0.9995,0.0005,0.001,0,0,0.0009,0.001352,0.001352
postBpix,unseed,EB_R9gt0p85,28.0,31.0,0.9989,0.001,0.001,0,4,0.9994,0.0006,0.001,0,4,0.0005,0.001109,0.001109
postBpix,unseed,EB_R9gt0p85,31.0,35.0,0.9997,0.0003,0.001,0,0,0.9995,0.0005,0.001,0,0,0.0002,0.00033,0.00102
postBpix,unseed,EB_R9gt0p85,35.0,40.0,0.9999,0.0001,0.001,0,0,0.9998,0.0002,0.001,4,0,0.0001,0.00015,0.001005
postBpix,unseed,EB_R9gt0p85,40.0,45.0,0.9999,0.0001,0.001,4,0,0.9999,0.0001,0.001,0,0,0.0,0.0001,0.001
postBpix,unseed,EB_R9gt0p85,45.0,50.0,0.9999,0.0001,0.001,0,0,0.9999,0.0001,0.001,0,0,0.0,0.0001,0.001
postBpix,unseed,EB_R9gt0p85,50.0,60.0,0.9998,0.0002,0.001,4,0,0.9999,0.0001,0.001,0,0,0.0,0.00019,0.001001
postBpix,unseed,EB_R9gt0p85,60.0,70.0,0.9995,0.0005,0.001,4,0,0.9995,0.0005,0.001,0,0,0.0,0.00048,0.001
postBpix,unseed,EB_R9gt0p85,70.0,90.0,0.9998,0.0002,0.001,4,0,0.9997,0.0003,0.001,0,0,0.0001,0.00022,0.001002
postBpix,unseed,EB_R9gt0p85,90.0,999999.0,0.9997,0.0003,0.001,4,0,0.9996,0.0004,0.001,4,0,0.0001,0.00035,0.001005
postBpix,unseed,EE_R9_0p90to0p93,0.0,21.0,0.9823,0.0105,0.0151,0,0,0.9817,0.0183,0.0218,0,0,0.0007,0.010541,0.015084
postBpix,unseed,EE_R9_0p90to0p93,21.0,25.0,0.9917,0.0026,0.0027,4,0,0.9894,0.0025,0.0025,4,0,0.0023,0.003485,0.003538
postBpix,unseed,EE_R9_0p90to0p93,25.0,28.0,0.9972,0.0028,0.0028,4,0,0.997,0.0012,0.0012,4,0,0.0002,0.00278,0.00278
postBpix,unseed,EE_R9_0p90to0p93,28.0,31.0,0.9986,0.0011,0.0013,4,0,0.9992,0.0008,0.001,4,4,0.0007,0.001274,0.001476
postBpix,unseed,EE_R9_0p90to0p93,31.0,35.0,0.9994,0.0006,0.001,0,0,0.9992,0.0008,0.001,0,0,0.0002,0.0006,0.001028
postBpix,unseed,EE_R9_0p90to0p93,35.0,40.0,0.9997,0.0003,0.001,0,0,0.9994,0.0006,0.001,0,0,0.0003,0.0003,0.001036
postBpix,unseed,EE_R9_0p90to0p93,40.0,45.0,0.9998,0.0002,0.001,0,0,0.9998,0.0002,0.001,4,0,0.0001,0.00016,0.001002
postBpix,unseed,EE_R9_0p90to0p93,45.0,50.0,0.9999,0.0001,0.001,0,0,0.9999,0.0001,0.001,0,0,0.0,0.00014,0.001
postBpix,unseed,EE_R9_0p90to0p93,50.0,60.0,0.9998,0.0002,0.001,0,0,0.9998,0.0002,0.001,0,0,0.0,0.0002,0.001001
postBpix,unseed,EE_R9_0p90to0p93,60.0,70.0,0.9994,0.0006,0.001,0,0,0.9995,0.0005,0.001,0,0,0.0001,0.00061,0.001003
postBpix,unseed,EE_R9_0p90to0p93,70.0,90.0,0.9995,0.0005,0.001,0,0,0.9995,0.0005,0.001,0,0,0.0,0.00048,0.001
postBpix,unseed,EE_R9_0p90to0p93,90.0,999999.0,0.9995,0.0005,0.001,0,0,0.9995,0.0005,0.001,0,0,0.0,0.00051,0.001
postBpix,unseed,EE_R9gt0p93,0.0,21.0,0.9877,0.0018,0.0018,4,0,0.9968,0.0017,0.0031,0,0,0.009,0.009206,0.009206
postBpix,unseed,EE_R9gt0p93,21.0,25.0,0.9948,0.001,0.001,4,0,0.9993,0.0007,0.001,0,0,0.0045,0.00462,0.00462
postBpix,unseed,EE_R9gt0p93,25.0,28.0,0.9977,0.001,0.001,4,0,0.9995,0.0005,0.001,4,0,0.0018,0.00205,0.00205
postBpix,unseed,EE_R9gt0p93,28.0,31.0,0.9992,0.0008,0.001,0,0,0.9987,0.001,0.001,0,0,0.0005,0.00077,0.001123
postBpix,unseed,EE_R9gt0p93,31.0,35.0,0.9993,0.0007,0.001,0,0,0.9993,0.0007,0.001,4,0,0.0,0.00068,0.001
postBpix,unseed,EE_R9gt0p93,35.0,40.0,0.9999,0.0001,0.001,0,0,0.9997,0.0003,0.001,4,0,0.0002,9e-05,0.001018
postBpix,unseed,EE_R9gt0p93,40.0,45.0,0.9999,0.0001,0.001,4,0,0.9999,0.0001,0.001,4,0,0.0,0.00013,0.001001
postBpix,unseed,EE_R9gt0p93,45.0,50.0,0.9998,0.0002,0.001,4,0,0.9998,0.0002,0.001,4,0,0.0,0.00016,0.001
postBpix,unseed,EE_R9gt0p93,50.0,60.0,0.9999,0.0001,0.001,0,0,0.9999,0.0001,0.001,4,0,0.0,0.0001,0.001
postBpix,unseed,EE_R9gt0p93,60.0,70.0,0.9998,0.0002,0.001,0,0,0.9998,0.0002,0.001,0,0,0.0,0.00025,0.001001
postBpix,unseed,EE_R9gt0p93,70.0,90.0,0.9998,0.0002,0.001,4,0,0.9997,0.0003,0.001,0,0,0.0001,0.00019,0.001003
postBpix,unseed,EE_R9gt0p93,90.0,999999.0,0.9999,0.0001,0.001,4,0,0.9999,0.0001,0.001,0,0,0.0,6e-05,0.001001
preBpix,seed,EB_R9_0p50to0p55,0.0,35.0,0.8618,0.007,0.006,0,0,0.8613,0.0045,0.0046,0,0,0.0006,0.007022,0.006055
preBpix,seed,EB_R9_0p50to0p55,35.0,37.0,0.9492,0.0053,0.0053,0,0,0.9459,0.004,0.0042,0,0,0.0033,0.00619,0.00619
preBpix,seed,EB_R9_0p50to0p55,37.0,40.0,0.9507,0.0029,0.0029,0,0,0.9507,0.0029,0.0029,0,0,0.0,0.00294,0.00293
preBpix,seed,EB_R9_0p50to0p55,40.0,45.0,0.9605,0.0021,0.0021,4,0,0.9604,0.0021,0.0022,4,4,0.0001,0.002092,0.002092
preBpix,seed,EB_R9_0p50to0p55,45.0,50.0,0.963,0.0029,0.0029,0,0,0.962,0.0034,0.0034,0,0,0.001,0.003011,0.003058
preBpix,seed,EB_R9_0p50to0p55,50.0,60.0,0.9644,0.0049,0.0046,0,0,0.9644,0.0048,0.0048,0,0,0.0,0.00485,0.00465
preBpix,seed,EB_R9_0p50to0p55,60.0,70.0,0.9815,0.0091,0.012,0,0,0.9801,0.0076,0.0101,0,0,0.0014,0.009163,0.012068
preBpix,seed,EB_R9_0p50to0p55,70.0,90.0,0.9944,0.0056,0.007,0,0,0.9945,0.0055,0.0076,4,0,0.0001,0.00555,0.007
preBpix,seed,EB_R9_0p50to0p55,90.0,999999.0,0.9274,0.0321,0.0321,0,0,0.9285,0.0589,0.0589,0,0,0.0011,0.032147,0.032147
preBpix,seed,EB_R9_0p55to0p85,0.0,35.0,0.8946,0.0034,0.0034,0,0,0.8883,0.0014,0.0014,0,0,0.0063,0.007135,0.007159
preBpix,seed,EB_R9_0p55to0p85,35.0,37.0,0.9592,0.001,0.0011,0,0,0.9592,0.001,0.0011,0,0,0.0,0.00104,0.00106
preBpix,seed,EB_R9_0p55to0p85,37.0,40.0,0.965,0.001,0.001,4,0,0.965,0.001,0.001,0,0,0.0,0.001,0.001
preBpix,seed,EB_R9_0p55to0p85,40.0,45.0,0.9696,0.001,0.001,0,0,0.9696,0.001,0.001,0,0,0.0,0.001,0.001
preBpix,seed,EB_R9_0p55to0p85,45.0,50.0,0.9704,0.001,0.001,0,0,0.9702,0.001,0.001,0,0,0.0002,0.00102,0.00102
preBpix,seed,EB_R9_0p55to0p85,50.0,60.0,0.9731,0.0057,0.0057,0,0,0.9734,0.001,0.001,4,0,0.0003,0.005688,0.005678
preBpix,seed,EB_R9_0p55to0p85,60.0,70.0,0.9754,0.0031,0.0046,0,0,0.974,0.0032,0.0028,0,0,0.0015,0.003418,0.004807
preBpix,seed,EB_R9_0p55to0p85,70.0,90.0,0.9846,0.0033,0.0034,0,0,0.9831,0.0035,0.0035,0,0,0.0015,0.003633,0.003705
preBpix,seed,EB_R9_0p55to0p85,90.0,999999.0,0.9902,0.0043,0.0039,0,0,0.9891,0.0026,0.003,0,0,0.0011,0.004422,0.004036
preBpix,seed,EB_R9gt0p85,0.0,35.0,0.894,0.0012,0.0012,4,0,0.8871,0.001,0.001,4,0,0.0069,0.006992,0.006994
preBpix,seed,EB_R9gt0p85,35.0,37.0,0.9365,0.001,0.001,4,0,0.9365,0.001,0.001,4,0,0.0,0.001,0.001
preBpix,seed,EB_R9gt0p85,37.0,40.0,0.9417,0.001,0.001,0,0,0.9417,0.001,0.001,0,4,0.0,0.001,0.001
preBpix,seed,EB_R9gt0p85,40.0,45.0,0.9507,0.001,0.001,0,0,0.9507,0.001,0.001,0,0,0.0,0.001,0.001
preBpix,seed,EB_R9gt0p85,45.0,50.0,0.9571,0.001,0.001,0,0,0.9571,0.001,0.001,4,0,0.0,0.001,0.001
preBpix,seed,EB_R9gt0p85,50.0,60.0,0.9624,0.0014,0.0014,0,0,0.964,0.001,0.001,0,0,0.0016,0.002137,0.002077
preBpix,seed,EB_R9gt0p85,60.0,70.0,0.9717,0.001,0.001,0,0,0.9729,0.0011,0.0015,0,0,0.0012,0.001539,0.001539
preBpix,seed,EB_R9gt0p85,70.0,90.0,0.9821,0.0011,0.0011,4,4,0.9835,0.001,0.001,0,4,0.0014,0.001754,0.001798
preBpix,seed,EB_R9gt0p85,90.0,999999.0,0.994,0.001,0.001,4,0,0.9937,0.001,0.001,0,0,0.0003,0.001033,0.001033
preBpix,seed,EE_R9_0p90to0p93,0.0,35.0,0.7977,0.0192,0.0202,0,0,0.7975,0.0075,0.0074,0,0,0.0002,0.019251,0.020191
preBpix,seed,EE_R9_0p90to0p93,35.0,37.0,0.9623,0.007,0.005,4,0,0.9625,0.0041,0.0044,0,0,0.0002,0.006992,0.005003
preBpix,seed,EE_R9_0p90to0p93,37.0,40.0,0.9698,0.0055,0.0053,0,0,0.9698,0.0026,0.0028,0,4,0.0,0.00548,0.00527
preBpix,seed,EE_R9_0p90to0p93,40.0,45.0,0.9776,0.0025,0.0019,0,0,0.9776,0.0018,0.0019,4,0,0.0,0.00252,0.00185
preBpix,seed,EE_R9_0p90to0p93,45.0,50.0,0.9796,0.0021,0.0023,0,0,0.9797,0.0021,0.0022,4,0,0.0001,0.002112,0.002272
preBpix,seed,EE_R9_0p90to0p93,50.0,60.0,0.9833,0.004,0.004,0,0,0.9849,0.0044,0.0044,0,0,0.0016,0.004342,0.004267
preBpix,seed,EE_R9_0p90to0p93,60.0,70.0,0.9947,0.0025,0.0026,0,0,0.9947,0.0053,0.0054,0,0,0.0001,0.002481,0.002601
preBpix,seed,EE_R9_0p90to0p93,70.0,90.0,0.991,0.0068,0.0068,0,0,0.9917,0.0049,0.0049,0,0,0.0007,0.006863,0.006853
preBpix,seed,EE_R9_0p90to0p93,90.0,999999.0,0.9984,0.001,0.001,0,0,0.9983,0.0017,0.0027,0,0,0.0,0.001001,0.001001
preBpix,seed,EE_R9gt0p93,0.0,35.0,0.8559,0.0012,0.0012,0,4,0.8428,0.0015,0.0013,0,0,0.0131,0.013196,0.013195
preBpix,seed,EE_R9gt0p93,35.0,37.0,0.969,0.0018,0.0017,0,4,0.9676,0.001,0.001,0,0,0.0014,0.002277,0.00223
preBpix,seed,EE_R9gt0p93,37.0,40.0,0.9734,0.001,0.001,4,0,0.9733,0.001,0.001,4,0,0.0001,0.001005,0.001005
preBpix,seed,EE_R9gt0p93,40.0,45.0,0.9766,0.001,0.001,4,4,0.9766,0.001,0.001,4,4,0.0,0.001001,0.001001
preBpix,seed,EE_R9gt0p93,45.0,50.0,0.9795,0.001,0.0013,0,0,0.9787,0.001,0.001,4,0,0.0008,0.001262,0.001468
preBpix,seed,EE_R9gt0p93,50.0,60.0,0.9793,0.003,0.0022,4,0,0.9786,0.0011,0.001,4,0,0.0007,0.003085,0.002305
preBpix,seed,EE_R9gt0p93,60.0,70.0,0.9871,0.0033,0.0062,4,0,0.9831,0.0017,0.0018,0,0,0.004,0.005171,0.00739
preBpix,seed,EE_R9gt0p93,70.0,90.0,0.9905,0.0044,0.0132,0,0,0.9869,0.0021,0.0021,0,0,0.0035,0.005672,0.013712
preBpix,seed,EE_R9gt0p93,90.0,999999.0,0.9934,0.002,0.002,0,0,0.9922,0.0016,0.0016,0,0,0.0012,0.002346,0.002338
preBpix,unseed,EB_R9_0p50to0p55,0.0,21.0,0.9874,0.0035,0.0036,0,0,0.9874,0.0034,0.0036,0,0,0.0,0.00352,0.00357
preBpix,unseed,EB_R9_0p50to0p55,21.0,25.0,0.9966,0.0011,0.0011,4,0,0.9965,0.0012,0.0012,0,0,0.0001,0.001128,0.001157
preBpix,unseed,EB_R9_0p50to0p55,25.0,28.0,0.9997,0.0003,0.001,4,0,0.9997,0.0003,0.001,0,0,0.0,0.0003,0.001
preBpix,unseed,EB_R9_0p50to0p55,28.0,31.0,0.9998,0.0002,0.001,0,0,0.9998,0.0002,0.001,0,0,0.0,0.00017,0.001
preBpix,unseed,EB_R9_0p50to0p55,31.0,35.0,0.9997,0.0003,0.001,0,0,0.9995,0.0005,0.001,0,0,0.0001,0.00035,0.001011
preBpix,unseed,EB_R9_0p50to0p55,35.0,40.0,0.9998,0.0002,0.001,0,0,0.9992,0.0008,0.001,0,0,0.0005,0.00024,0.001123
preBpix,unseed,EB_R9_0p50to0p55,40.0,45.0,0.9999,0.0001,0.001,0,0,0.9999,0.0001,0.001,4,0,0.0,0.00015,0.001
preBpix,unseed,EB_R9_0p50to0p55,45.0,50.0,0.9999,0.0001,0.001,0,0,0.9999,0.0001,0.001,0,0,0.0,0.00011,0.001
preBpix,unseed,EB_R9_0p50to0p55,50.0,60.0,0.9997,0.0003,0.001,0,0,0.9997,0.0003,0.001,0,0,0.0,0.00027,0.001
preBpix,unseed,EB_R9_0p50to0p55,60.0,70.0,0.9965,0.0013,0.0013,0,0,0.9969,0.0014,0.0014,0,0,0.0004,0.001344,0.001335
preBpix,unseed,EB_R9_0p50to0p55,70.0,90.0,0.9944,0.001,0.001,0,0,0.9944,0.001,0.001,0,0,0.0,0.001,0.001
preBpix,unseed,EB_R9_0p50to0p55,90.0,999999.0,0.9723,0.0085,0.0085,0,0,0.974,0.0056,0.0056,0,0,0.0018,0.008688,0.008688
preBpix,unseed,EB_R9_0p55to0p85,0.0,21.0,0.9914,0.0021,0.0021,4,0,0.9907,0.003,0.0022,0,0,0.0007,0.002185,0.002185
preBpix,unseed,EB_R9_0p55to0p85,21.0,25.0,0.9981,0.001,0.001,4,0,0.9981,0.0018,0.0018,4,0,0.0,0.001,0.001
preBpix,unseed,EB_R9_0p55to0p85,25.0,28.0,0.9988,0.001,0.001,4,0,0.9996,0.0004,0.001,4,0,0.0008,0.00117,0.001274
preBpix,unseed,EB_R9_0p55to0p85,28.0,31.0,0.9994,0.0006,0.001,0,0,0.9998,0.0002,0.001,0,0,0.0004,0.00056,0.00107
preBpix,unseed,EB_R9_0p55to0p85,31.0,35.0,0.9998,0.0002,0.001,0,0,0.9997,0.0003,0.001,0,0,0.0001,0.0002,0.001011
preBpix,unseed,EB_R9_0p55to0p85,35.0,40.0,0.9998,0.0002,0.001,0,4,0.9998,0.0002,0.001,4,0,0.0,0.00016,0.001
preBpix,unseed,EB_R9_0p55to0p85,40.0,45.0,0.9999,0.0001,0.001,0,0,0.9999,0.0001,0.001,0,0,0.0,8e-05,0.001
preBpix,unseed,EB_R9_0p55to0p85,45.0,50.0,0.9999,0.0001,0.001,0,0,0.9999,0.0001,0.001,0,0,0.0,0.00012,0.001
preBpix,unseed,EB_R9_0p55to0p85,50.0,60.0,0.9998,0.0002,0.001,0,0,0.9999,0.0001,0.001,4,0,0.0002,0.00024,0.001014
preBpix,unseed,EB_R9_0p55to0p85,60.0,70.0,0.9999,0.0001,0.001,0,0,0.9999,0.0001,0.001,0,0,0.0,0.00013,0.001
preBpix,unseed,EB_R9_0p55to0p85,70.0,90.0,0.9998,0.0002,0.001,0,0,0.9998,0.0002,0.001,0,0,0.0,0.00019,0.001
preBpix,unseed,EB_R9_0p55to0p85,90.0,999999.0,0.9992,0.0008,0.0014,0,0,0.9981,0.0019,0.0019,0,0,0.0011,0.00081,0.001832
preBpix,unseed,EB_R9gt0p85,0.0,21.0,0.9949,0.001,0.001,4,0,0.9938,0.0014,0.0015,0,0,0.001,0.00145,0.00145
preBpix,unseed,EB_R9gt0p85,21.0,25.0,0.9992,0.0008,0.001,4,0,0.9991,0.0009,0.001,4,0,0.0001,0.00078,0.001008
preBpix,unseed,EB_R9gt0p85,25.0,28.0,0.9987,0.001,0.001,4,0,0.9988,0.001,0.001,4,0,0.0001,0.001003,0.001003
preBpix,unseed,EB_R9gt0p85,28.0,31.0,0.9995,0.0005,0.001,4,0,0.9994,0.0006,0.001,4,0,0.0001,0.00046,0.001007
preBpix,unseed,EB_R9gt0p85,31.0,35.0,0.9998,0.0002,0.001,0,0,0.9997,0.0003,0.001,0,0,0.0001,0.00018,0.001008
preBpix,unseed,EB_R9gt0p85,35.0,40.0,1.0,0.0,0.001,4,0,0.9999,0.0001,0.001,4,0,0.0001,5e-05,0.001005
preBpix,unseed,EB_R9gt0p85,40.0,45.0,0.9999,0.0001,0.001,0,0,0.9999,0.0001,0.001,0,4,0.0,0.0001,0.001
preBpix,unseed,EB_R9gt0p85,45.0,50.0,0.9999,0.0001,0.001,0,0,0.9999,0.0001,0.001,0,0,0.0,9e-05,0.001
preBpix,unseed,EB_R9gt0p85,50.0,60.0,0.9998,0.0002,0.001,0,0,0.9998,0.0002,0.001,4,0,0.0,0.00018,0.001
preBpix,unseed,EB_R9gt0p85,60.0,70.0,0.9995,0.0005,0.001,0,0,0.9996,0.0004,0.001,0,0,0.0,0.00048,0.001001
preBpix,unseed,EB_R9gt0p85,70.0,90.0,0.9995,0.0005,0.001,4,0,1.0,0.0,0.001,0,0,0.0005,0.0005,0.001109
preBpix,unseed,EB_R9gt0p85,90.0,999999.0,0.9996,0.0004,0.001,0,0,0.9995,0.0005,0.001,0,4,0.0001,0.00039,0.001007
preBpix,unseed,EE_R9_0p90to0p93,0.0,21.0,0.9819,0.007,0.0112,0,0,0.9928,0.0072,0.0135,4,0,0.0109,0.012981,0.015607
preBpix,unseed,EE_R9_0p90to0p93,21.0,25.0,0.994,0.0036,0.0062,4,0,0.9974,0.0026,0.0029,0,0,0.0034,0.004924,0.007008
preBpix,unseed,EE_R9_0p90to0p93,25.0,28.0,0.999,0.001,0.0026,0,0,0.9977,0.0011,0.0011,0,0,0.0013,0.00097,0.002898
preBpix,unseed,EE_R9_0p90to0p93,28.0,31.0,0.9996,0.0004,0.001,0,0,0.9997,0.0003,0.001,4,0,0.0,0.00036,0.001
preBpix,unseed,EE_R9_0p90to0p93,31.0,35.0,0.9993,0.0007,0.001,4,0,0.9993,0.0007,0.001,0,0,0.0,0.00067,0.001
preBpix,unseed,EE_R9_0p90to0p93,35.0,40.0,0.9998,0.0002,0.001,0,0,0.9997,0.0003,0.001,0,0,0.0001,0.00018,0.001004
preBpix,unseed,EE_R9_0p90to0p93,40.0,45.0,0.9999,0.0001,0.001,4,0,0.9999,0.0001,0.001,4,0,0.0,8e-05,0.001
preBpix,unseed,EE_R9_0p90to0p93,45.0,50.0,0.9997,0.0003,0.001,0,0,0.9995,0.0005,0.001,0,0,0.0002,0.0003,0.001016
preBpix,unseed,EE_R9_0p90to0p93,50.0,60.0,0.9997,0.0003,0.001,0,0,0.9998,0.0002,0.001,0,0,0.0,0.00026,0.001001
preBpix,unseed,EE_R9_0p90to0p93,60.0,70.0,0.9989,0.001,0.001,0,0,0.9989,0.001,0.001,0,0,0.0,0.001,0.001
preBpix,unseed,EE_R9_0p90to0p93,70.0,90.0,0.9977,0.0021,0.0021,0,0,0.9967,0.0026,0.0026,0,0,0.001,0.00229,0.002321
preBpix,unseed,EE_R9_0p90to0p93,90.0,999999.0,0.9984,0.001,0.001,0,0,0.9983,0.001,0.001,0,0,0.0,0.001,0.001
preBpix,unseed,EE_R9gt0p93,0.0,21.0,0.9702,0.0107,0.0028,0,0,0.9719,0.0049,0.0027,4,4,0.0017,0.010797,0.003276
preBpix,unseed,EE_R9gt0p93,21.0,25.0,0.9949,0.004,0.0014,4,0,0.9987,0.001,0.001,4,0,0.0038,0.0051,0.004052
preBpix,unseed,EE_R9gt0p93,25.0,28.0,0.9983,0.001,0.001,0,0,0.9991,0.0009,0.001,4,0,0.0008,0.0013,0.0013
preBpix,unseed,EE_R9gt0p93,28.0,31.0,0.9991,0.0009,0.001,0,0,0.9989,0.001,0.001,0,4,0.0002,0.00094,0.001018
preBpix,unseed,EE_R9gt0p93,31.0,35.0,0.9998,0.0002,0.001,0,0,0.9995,0.0005,0.001,0,0,0.0002,0.00022,0.001028
preBpix,unseed,EE_R9gt0p93,35.0,40.0,0.9997,0.0003,0.001,0,0,0.9997,0.0003,0.001,4,0,0.0,0.00027,0.001
preBpix,unseed,EE_R9gt0p93,40.0,45.0,0.9999,0.0001,0.001,4,0,0.9999,0.0001,0.001,4,0,0.0,6e-05,0.001
preBpix,unseed,EE_R9gt0p93,45.0,50.0,0.9999,0.0001,0.001,0,0,0.9999,0.0001,0.001,0,0,0.0001,6e-05,0.001001
preBpix,unseed,EE_R9gt0p93,50.0,60.0,1.0,0.0,0.001,0,0,0.9999,0.0001,0.001,4,0,0.0,5e-05,0.001
preBpix,unseed,EE_R9gt0p93,60.0,70.0,0.9999,0.0001,0.001,0,0,0.9999,0.0001,0.001,4,0,0.0,9e-05,0.001
preBpix,unseed,EE_R9gt0p93,70.0,90.0,0.9997,0.0003,0.001,0,0,0.9997,0.0003,0.001,0,0,0.0,0.00029,0.001
preBpix,unseed,EE_R9gt0p93,90.0,999999.0,0.9998,0.0002,0.001,0,0,0.9997,0.0003,0.0012,0,0,0.0,0.00025,0.001
